{"cameraMode":{"drawMode":0,"name":"Shaded","section":"Shading Mode"},"sceneLighting":false,"audioPlay":false,"sceneViewState":{"showFog":true,"showMaterialUpdate":false,"showSkybox":true,"showFlares":true,"showImageEffects":true,"showParticleSystems":true},"in2DMode":false,"pivot":{"x":1.3475899696350098,"y":2.131021738052368,"z":-2.0297439098358156},"rotation":{"x":0.0037600486539304258,"y":0.9948621988296509,"z":-0.09278994798660279,"w":0.040313735604286197},"size":5.455543518066406,"orthographic":false}